{
  "descriptive_stats": {
    "Japan": {
      "n": 213,
      "age_mean": 44.413145539906104,
      "age_sd": 8.196191934594884,
      "gender_male_pct": 79.34272300469483,
      "tenure_mean": 8.955399061032864,
      "tenure_sd": 5.510404520249994,
      "position": {
        "Department Head": 0.5211267605633803,
        "Senior Executive": 0.24882629107981222,
        "Team Leader": 0.2300469483568075
      },
      "industry": {
        "Financial Services": 0.24882629107981222,
        "Manufacturing": 0.24882629107981222,
        "Healthcare": 0.1643192488262911,
        "Technology": 0.13145539906103287,
        "Retail": 0.12206572769953052,
        "Other": 0.08450704225352113
      },
      "dimensions": {
        "TC": {
          "mean": 5.407907128400784,
          "sd": 0.8800565449213631
        },
        "CMC": {
          "mean": 4.9546163716635645,
          "sd": 0.8960932732609624
        },
        "EA": {
          "mean": 5.468968458676769,
          "sd": 0.8150927230002533
        },
        "ALO": {
          "mean": 4.734858290786935,
          "sd": 0.8764821388273557
        }
      },
      "outcomes": {
        "OI": {
          "mean": 6.529624413145539,
          "sd": 0.5034371012081699
        },
        "SA": {
          "mean": 6.32661971830986,
          "sd": 0.5785104742825642
        },
        "OL": {
          "mean": 6.739718309859155,
          "sd": 0.43048230464909687
        }
      }
    },
    "Vietnam": {
      "n": 215,
      "age_mean": 39.16279069767442,
      "age_sd": 7.232230019442045,
      "gender_male_pct": 64.18604651162791,
      "tenure_mean": 6.5637209302325585,
      "tenure_sd": 4.312910970939635,
      "position": {
        "Department Head": 0.4558139534883721,
        "Team Leader": 0.33488372093023255,
        "Senior Executive": 0.20930232558139536
      },
      "industry": {
        "Financial Services": 0.26976744186046514,
        "Retail": 0.19534883720930232,
        "Manufacturing": 0.1813953488372093,
        "Technology": 0.17209302325581396,
        "Healthcare": 0.11627906976744186,
        "Other": 0.06511627906976744
      },
      "dimensions": {
        "TC": {
          "mean": 4.918088125031405,
          "sd": 0.8436174311546891
        },
        "CMC": {
          "mean": 5.33077200723664,
          "sd": 0.8863617973358979
        },
        "EA": {
          "mean": 5.093876270084807,
          "sd": 0.8577777632629614
        },
        "ALO": {
          "mean": 5.470862577108144,
          "sd": 0.8449832379331631
        }
      },
      "outcomes": {
        "OI": {
          "mean": 6.683674418604652,
          "sd": 0.46481127317400234
        },
        "SA": {
          "mean": 6.503906976744185,
          "sd": 0.5095027727288511
        },
        "OL": {
          "mean": 6.833348837209303,
          "sd": 0.3382762021764493
        }
      }
    }
  },
  "reliability": {
    "TC": {
      "cronbach_alpha_overall": 0.833766789128509,
      "cronbach_alpha_japan": 0.831920510488303,
      "cronbach_alpha_vietnam": 0.8352132953384703
    },
    "CMC": {
      "cronbach_alpha_overall": 0.8483797489800701,
      "cronbach_alpha_japan": 0.8505150840150684,
      "cronbach_alpha_vietnam": 0.837847276401923
    },
    "EA": {
      "cronbach_alpha_overall": 0.8413815636530044,
      "cronbach_alpha_japan": 0.8354472303147641,
      "cronbach_alpha_vietnam": 0.844561826799678
    },
    "ALO": {
      "cronbach_alpha_overall": 0.8366790061321847,
      "cronbach_alpha_japan": 0.8268824375907475,
      "cronbach_alpha_vietnam": 0.8167922202809567
    }
  },
  "efa": {
    "kmo": 0.9196238802353813,
    "bartlett_chi2": 4491.396428724934,
    "bartlett_p": 0.0,
    "loadings": {
      "Factor1": {
        "TC1": 0.07184036228538997,
        "TC2": -0.010672072113530677,
        "TC3": -0.03200653271680825,
        "TC4": 0.0005503568733489572,
        "TC5": 0.04509656293078199,
        "TC6": 0.037827055770846475,
        "TC7": 0.0444713662332713,
        "TC8": -0.11408279228702876,
        "CMC1": 0.7732677869411786,
        "CMC2": 0.7470777083903088,
        "CMC3": 0.7836077340125613,
        "CMC4": 0.6712087971254792,
        "CMC5": 0.5827439465362478,
        "CMC6": 0.6217285004641246,
        "CMC7": 0.6484129056557133,
        "CMC8": 0.7210573252050367,
        "EA1": 0.06485882930245869,
        "EA2": 0.13627892206164516,
        "EA3": 0.05588513098427634,
        "EA4": -0.057826285244164735,
        "EA5": -0.13496360039365995,
        "EA6": -0.011048084703407533,
        "EA7": 0.03243370518676308,
        "EA8": -0.06346078550167981,
        "ALO1": -0.011871647669158195,
        "ALO2": 0.016526755241560456,
        "ALO3": -0.11469407996626751,
        "ALO4": 0.1132029451443267,
        "ALO5": -0.035171236601891934,
        "ALO6": -0.022615414481413198,
        "ALO7": 0.019638962959538153,
        "ALO8": 0.013608733365512438
      },
      "Factor2": {
        "TC1": -0.042754192552627406,
        "TC2": -0.009494071313222205,
        "TC3": 0.037295519000229996,
        "TC4": 0.015078610869371099,
        "TC5": 0.004086846944999855,
        "TC6": -0.011868038081175205,
        "TC7": 0.027417812140433533,
        "TC8": -0.0012123018957731595,
        "CMC1": -0.08668096501541488,
        "CMC2": 0.012186110208484905,
        "CMC3": -0.06536272955484133,
        "CMC4": -0.06592604123953472,
        "CMC5": 0.011703523596377503,
        "CMC6": 0.12153584495701364,
        "CMC7": 0.02928249957179594,
        "CMC8": 0.03047734092384855,
        "EA1": 0.5376297518214165,
        "EA2": 0.5607295140546861,
        "EA3": 0.7385961210950487,
        "EA4": 0.6912242871604759,
        "EA5": 0.7598909529447427,
        "EA6": 0.7161602551371904,
        "EA7": 0.691028581137981,
        "EA8": 0.7565016879591374,
        "ALO1": -0.03173426497804073,
        "ALO2": -0.11497094054898367,
        "ALO3": 0.1180119902931495,
        "ALO4": 0.04296542320501344,
        "ALO5": -0.024819104486458052,
        "ALO6": 0.052189996361237424,
        "ALO7": 0.006905600080168657,
        "ALO8": -0.05327337848554038
      },
      "Factor3": {
        "TC1": 0.6510625517847657,
        "TC2": 0.6913365275605221,
        "TC3": 0.7039485078131528,
        "TC4": 0.6964904198530122,
        "TC5": 0.6257170718778597,
        "TC6": 0.6520031578521807,
        "TC7": 0.6288627425205849,
        "TC8": 0.74303975763598,
        "CMC1": -0.028055421619099415,
        "CMC2": -0.021833210200758138,
        "CMC3": -0.01822486413800785,
        "CMC4": 0.036568172733523606,
        "CMC5": -0.03838114984114096,
        "CMC6": 0.05129604258435178,
        "CMC7": -0.01703830750540553,
        "CMC8": 0.04976552284937263,
        "EA1": 0.015847667832082718,
        "EA2": -0.018759571827645625,
        "EA3": -0.07834578215817527,
        "EA4": 0.049640732791924005,
        "EA5": 0.08656876194970611,
        "EA6": 0.03906131985311172,
        "EA7": -0.002813981657301608,
        "EA8": -0.05748365520181608,
        "ALO1": 0.04159297068055362,
        "ALO2": 0.10983774891048996,
        "ALO3": -0.04157947188963687,
        "ALO4": -0.09175665854630231,
        "ALO5": 0.015416112772097722,
        "ALO6": 0.05965591626444078,
        "ALO7": -0.035680636392977,
        "ALO8": -0.02589571316231214
      },
      "Factor4": {
        "TC1": 0.042781812354535945,
        "TC2": 0.028751369934356456,
        "TC3": -0.07782342135269879,
        "TC4": 0.029770903427474852,
        "TC5": 0.09291906032399222,
        "TC6": -0.01923159284583668,
        "TC7": -0.0058135814454314955,
        "TC8": -0.03928187441878313,
        "CMC1": 0.0283559688873194,
        "CMC2": -0.012773777542882928,
        "CMC3": -0.030735154142406396,
        "CMC4": 0.03668815114158593,
        "CMC5": 0.16273746395237806,
        "CMC6": -0.13772182228316454,
        "CMC7": 0.024650615151239074,
        "CMC8": -0.07219687183834475,