{
  "descriptive_stats": {
    "Japan": {
      "n": 213,
      "age_mean": 44.286384976525824,
      "age_sd": 7.626768435951251,
      "gender_male_pct": 79.34272300469483,
      "tenure_mean": 8.44131455399061,
      "tenure_sd": 4.3578472008619995,
      "position": {
        "Department Head": 0.431924882629108,
        "Team Leader": 0.3286384976525822,
        "Senior Executive": 0.23943661971830985
      },
      "industry": {
        "Manufacturing": 0.27699530516431925,
        "Financial Services": 0.20187793427230047,
        "Retail": 0.15023474178403756,
        "Healthcare": 0.14084507042253522,
        "Technology": 0.13615023474178403,
        "Other": 0.09389671361502347
      },
      "dimensions": {
        "TC": {
          "mean": 4.181338028169014,
          "sd": 0.7435221623816585
        },
        "CMC": {
          "mean": 3.8163145539906105,
          "sd": 0.8055788143073074
        },
        "EA": {
          "mean": 4.178403755868545,
          "sd": 0.6429109334019089
        },
        "ALO": {
          "mean": 3.625586854460094,
          "sd": 0.7481795568313411
        }
      },
      "outcomes": {
        "OI": {
          "mean": 5.408450704225352,
          "sd": 0.8012071927528118
        },
        "SA": {
          "mean": 5.001173708920188,
          "sd": 0.8211163781555755
        },
        "OL": {
          "mean": 5.754694835680751,
          "sd": 0.7420818025787231
        }
      }
    },
    "Vietnam": {
      "n": 215,
      "age_mean": 38.56744186046512,
      "age_sd": 7.068018034736542,
      "gender_male_pct": 63.25581395348837,
      "tenure_mean": 5.971627906976743,
      "tenure_sd": 3.0389349848603566,
      "position": {
        "Department Head": 0.4325581395348837,
        "Team Leader": 0.3395348837209302,
        "Senior Executive": 0.22790697674418606
      },
      "industry": {
        "Financial Services": 0.2744186046511628,
        "Technology": 0.17209302325581396,
        "Retail": 0.16744186046511628,
        "Manufacturing": 0.15813953488372093,
        "Healthcare": 0.12558139534883722,
        "Other": 0.10232558139534884
      },
      "dimensions": {
        "TC": {
          "mean": 3.802325581395349,
          "sd": 0.7740651196051035
        },
        "CMC": {
          "mean": 4.157558139534884,
          "sd": 0.7548235636612074
        },
        "EA": {
          "mean": 3.9034883720930234,
          "sd": 0.7492126200871184
        },
        "ALO": {
          "mean": 4.049418604651163,
          "sd": 0.7122199476691572
        }
      },
      "outcomes": {
        "OI": {
          "mean": 5.67906976744186,
          "sd": 0.843074629886558
        },
        "SA": {
          "mean": 5.326744186046511,
          "sd": 0.8357763220034699
        },
        "OL": {
          "mean": 5.986046511627907,
          "sd": 0.738488414271663
        }
      }
    }
  },
  "reliability": {
    "TC": {
      "cronbach_alpha_overall": 0.8672748224240368,
      "cronbach_alpha_japan": 0.853121251204443,
      "cronbach_alpha_vietnam": 0.8672878550862636,
      "n_items": 8
    },
    "CMC": {
      "cronbach_alpha_overall": 0.8718466966679381,
      "cronbach_alpha_japan": 0.8829916854631646,
      "cronbach_alpha_vietnam": 0.856413642278386,
      "n_items": 8
    },
    "EA": {
      "cronbach_alpha_overall": 0.8306930535171217,
      "cronbach_alpha_japan": 0.7975402160562851,
      "cronbach_alpha_vietnam": 0.8532701456536401,
      "n_items": 8
    },
    "ALO": {
      "cronbach_alpha_overall": 0.8536641114966061,
      "cronbach_alpha_japan": 0.8493898608441544,
      "cronbach_alpha_vietnam": 0.840376325934909,
      "n_items": 8
    }
  },
  "efa": {
    "kmo": 0.9368804656159345,
    "bartlett_chi2": 5181.833881660539,
    "bartlett_p": 0.0,
    "loadings": {
      "Factor1": {
        "TC1": -0.049366047188683114,
        "TC2": -0.04020443557898487,
        "TC3": 0.025196061252574647,
        "TC4": 0.08964703337771725,
        "TC5": 0.06205446410139085,
        "TC6": 6.79124686823239e-05,
        "TC7": -0.04470092005447092,
        "TC8": -0.008879120028215342,
        "CMC1": 0.7034430628313745,
        "CMC2": 0.6029660948875906,
        "CMC3": 0.7085000325839893,
        "CMC4": 0.7339779006887573,
        "CMC5": 0.725311227053591,
        "CMC6": 0.7840490414634745,
        "CMC7": 0.6793494247259867,
        "CMC8": 0.7675757489978562,
        "EA1": 0.05958110694260911,
        "EA2": 0.013807907963078861,
        "EA3": 0.04038541728395698,
        "EA4": -0.046344240371041776,
        "EA5": -0.028375027032126375,
        "EA6": 0.042031966067398834,
        "EA7": -0.05419499886343379,
        "EA8": 0.01682233165536858,
        "ALO1": -0.0007114551390352715,
        "ALO2": -0.004849098508520124,
        "ALO3": 0.048902952008269426,
        "ALO4": -0.15116443095117973,
        "ALO5": 0.09225066736121926,
        "ALO6": 0.05912086966642233,
        "ALO7": -0.031625754447899945,
        "ALO8": 0.031480400151529614
      },
      "Factor2": {
        "TC1": 0.7963954596972918,
        "TC2": 0.7532169522083263,
        "TC3": 0.7092454787284161,
        "TC4": 0.6521113490957634,
        "TC5": 0.7515974911416233,
        "TC6": 0.7002812706426396,
        "TC7": 0.6887107647758848,
        "TC8": 0.6129129934850676,
        "CMC1": -0.15264338205768258,
        "CMC2": 0.02737226577573065,
        "CMC3": 0.05616760908603493,
        "CMC4": 0.11132813543521757,
        "CMC5": 0.1101729178918072,
        "CMC6": -0.1330917089927734,
        "CMC7": -0.033890949647138076,
        "CMC8": 0.02579253149810681,
        "EA1": -0.037288355158070004,
        "EA2": 0.11217534809356126,
        "EA3": 0.0005935640471216772,
        "EA4": 0.12927753242186732,
        "EA5": -0.08838152463095417,
        "EA6": -0.08336742655949221,
        "EA7": -0.09612931218413656,
        "EA8": 0.16458880403878318,
        "ALO1": 0.07119678232978327,
        "ALO2": -0.02171769048992209,
        "ALO3": -0.04512958355250153,
        "ALO4": 0.07826785191216697,
        "ALO5": 0.05467214863960423,
        "ALO6": 0.049411747553388626,
        "ALO7": 0.10037692525101026,
        "ALO8": -0.15616874717712292
      },
      "Factor3": {
        "TC1": 0.04847522168194835,
        "TC2": 0.023851522580828614,
        "TC3": 0.010577235942892836,
        "TC4": -0.04989554748979137,
        "TC5": -0.06958010890253138,
        "TC6": -0.024808500359957103,
        "TC7": 0.004690059413944595,
        "TC8": 0.05384531406800038,
        "CMC1": 0.014104305323094191,
        "CMC2": 0.07916524069693848,
        "CMC3": -2.924971206155237e-05,
        "CMC4": -0.005834485921557101,
        "CMC5": -0.0454691948075802,
        "CMC6": -0.044394731634035164,
        "CMC7": 0.0018220823996561344,
        "CMC8": 0.07153583910263318,
        "EA1": 0.6026483395335802,
        "EA2": 0.7236011469259204,
        "EA3": 0.7033198921664976,
        "EA4": 0.6746694714138975,
        "EA5": 0.7174291121947194,
        "EA6": 0.6056486703414691,
        "EA7": 0.7017821448815846,
        "EA8": 0.6144503570272648,
        "ALO1": -0.038908832790993414,
        "ALO2": -0.01536341281956025,
        "ALO3": 0.015906600811856225,
        "ALO4": 0.07829411950855274,
        "ALO5": -0.06332668735158885,
        "ALO6": -0.10977167244563044,
        "ALO7": 0.0934170365417619,
        "ALO8": 0.04084284300826083
      },
      "Factor4": {
        "TC1": -0.10778005361222644,
        "TC2": -0.03218745815681595,
        "TC3": 0.013260548984733804,
        "TC4": 0.016540303342525275,
        "TC5": -0.03408625260597987,
        "TC6": 0.12606621170602755,
        "TC7": 0.033431274494329616,
        "TC8": 0.1444924979430433,
        "CMC1": 0.1581554061955558,
        "CMC2": 0.026115389064057467,
        "CMC3": -0.039671849478947876,
        "CMC4": -0.03635722470376185,
        "CMC5": -0.11180259050842459,
        "CMC6": 0.06761626659904935,