{
  "descriptive_stats": {
    "Japan": {
      "n": 213,
      "age_mean": 44.413145539906104,
      "age_sd": 8.196191934594884,
      "gender_male_pct": 79.34272300469483,
      "tenure_mean": 8.955399061032864,
      "tenure_sd": 5.510404520249994,
      "position": {
        "Department Head": 0.5211267605633803,
        "Senior Executive": 0.24882629107981222,
        "Team Leader": 0.2300469483568075
      },
      "industry": {
        "Financial Services": 0.24882629107981222,
        "Manufacturing": 0.24882629107981222,
        "Healthcare": 0.1643192488262911,
        "Technology": 0.13145539906103287,
        "Retail": 0.12206572769953052,
        "Other": 0.08450704225352113
      },
      "dimensions": {
        "TC": {
          "mean": 5.407907128400784,
          "sd": 0.8800565449213631
        },
        "CMC": {
          "mean": 4.9546163716635645,
          "sd": 0.8960932732609624
        },
        "EA": {
          "mean": 5.468968458676769,
          "sd": 0.8150927230002533
        },
        "ALO": {
          "mean": 4.734858290786935,
          "sd": 0.8764821388273557
        }
      },
      "outcomes": {
        "OI": {
          "mean": 6.529624413145539,
          "sd": 0.5034371012081699
        },
        "SA": {
          "mean": 6.32661971830986,
          "sd": 0.5785104742825642
        },
        "OL": {
          "mean": 6.739718309859155,
          "sd": 0.43048230464909687
        }
      }
    },
    "Vietnam": {
      "n": 215,
      "age_mean": 39.16279069767442,
      "age_sd": 7.232230019442045,
      "gender_male_pct": 64.18604651162791,
      "tenure_mean": 6.5637209302325585,
      "tenure_sd": 4.312910970939635,
      "position": {
        "Department Head": 0.4558139534883721,
        "Team Leader": 0.33488372093023255,
        "Senior Executive": 0.20930232558139536
      },
      "industry": {
        "Financial Services": 0.26976744186046514,
        "Retail": 0.19534883720930232,
        "Manufacturing": 0.1813953488372093,
        "Technology": 0.17209302325581396,
        "Healthcare": 0.11627906976744186,
        "Other": 0.06511627906976744
      },
      "dimensions": {
        "TC": {
          "mean": 4.918088125031405,
          "sd": 0.8436174311546891
        },
        "CMC": {
          "mean": 5.33077200723664,
          "sd": 0.8863617973358979
        },
        "EA": {
          "mean": 5.093876270084807,
          "sd": 0.8577777632629614
        },
        "ALO": {
          "mean": 5.470862577108144,
          "sd": 0.8449832379331631
        }
      },
      "outcomes": {
        "OI": {
          "mean": 6.683674418604652,
          "sd": 0.46481127317400234
        },
        "SA": {
          "mean": 6.503906976744185,
          "sd": 0.5095027727288511
        },
        "OL": {
          "mean": 6.833348837209303,
          "sd": 0.3382762021764493
        }
      }
    }
  },
  "reliability": {
    "TC": {
      "cronbach_alpha_overall": 0.833766789128509,
      "cronbach_alpha_japan": 0.831920510488303,
      "cronbach_alpha_vietnam": 0.8352132953384703
    },
    "CMC": {
      "cronbach_alpha_overall": 0.8483797489800701,
      "cronbach_alpha_japan": 0.8505150840150684,
      "cronbach_alpha_vietnam": 0.837847276401923
    },
    "EA": {
      "cronbach_alpha_overall": 0.8413815636530044,
      "cronbach_alpha_japan": 0.8354472303147641,
      "cronbach_alpha_vietnam": 0.844561826799678
    },
    "ALO": {
      "cronbach_alpha_overall": 0.8366790061321847,
      "cronbach_alpha_japan": 0.8268824375907475,
      "cronbach_alpha_vietnam": 0.8167922202809567
    }
  },
  "efa": {
    "kmo": 0.9196238802353812,
    "bartlett_chi2": 4491.396428724928,
    "bartlett_p": 0.0,
    "loadings": {
      "Factor1": {
        "TC1": 0.07184036228539002,
        "TC2": -0.01067207211353086,
        "TC3": -0.03200653271680848,
        "TC4": 0.0005503568733488316,
        "TC5": 0.04509656293078189,
        "TC6": 0.03782705577084643,
        "TC7": 0.044471366233271185,
        "TC8": -0.11408279228702906,
        "CMC1": 0.7732677869411788,
        "CMC2": 0.7470777083903096,
        "CMC3": 0.783607734012562,
        "CMC4": 0.6712087971254797,
        "CMC5": 0.5827439465362483,
        "CMC6": 0.6217285004641252,
        "CMC7": 0.6484129056557136,
        "CMC8": 0.7210573252050373,
        "EA1": 0.0648588293024588,
        "EA2": 0.13627892206164535,
        "EA3": 0.055885130984276506,
        "EA4": -0.05782628524416469,
        "EA5": -0.1349636003936599,
        "EA6": -0.011048084703407497,
        "EA7": 0.032433705186763105,
        "EA8": -0.06346078550167972,
        "ALO1": -0.01187164766915796,
        "ALO2": 0.016526755241560515,
        "ALO3": -0.1146940799662675,
        "ALO4": 0.11320294514432709,
        "ALO5": -0.03517123660189174,
        "ALO6": -0.022615414481412972,
        "ALO7": 0.01963896295953814,
        "ALO8": 0.013608733365512653
      },
      "Factor2": {
        "TC1": -0.04275419255262743,
        "TC2": -0.00949407131322223,
        "TC3": 0.037295519000229975,
        "TC4": 0.015078610869371026,
        "TC5": 0.004086846944999762,
        "TC6": -0.011868038081175336,
        "TC7": 0.027417812140433585,
        "TC8": -0.0012123018957731692,
        "CMC1": -0.08668096501541472,
        "CMC2": 0.012186110208485016,
        "CMC3": -0.06536272955484125,
        "CMC4": -0.06592604123953456,
        "CMC5": 0.011703523596377607,
        "CMC6": 0.12153584495701387,
        "CMC7": 0.02928249957179608,
        "CMC8": 0.030477340923848743,
        "EA1": 0.5376297518214167,
        "EA2": 0.5607295140546862,
        "EA3": 0.7385961210950489,
        "EA4": 0.6912242871604762,
        "EA5": 0.7598909529447431,
        "EA6": 0.7161602551371905,
        "EA7": 0.6910285811379814,
        "EA8": 0.7565016879591375,
        "ALO1": -0.03173426497804079,
        "ALO2": -0.11497094054898369,
        "ALO3": 0.11801199029314946,
        "ALO4": 0.04296542320501338,
        "ALO5": -0.024819104486458146,
        "ALO6": 0.052189996361237535,
        "ALO7": 0.006905600080168815,
        "ALO8": -0.05327337848554051
      },
      "Factor3": {
        "TC1": 0.651062551784766,
        "TC2": 0.6913365275605227,
        "TC3": 0.7039485078131534,
        "TC4": 0.6964904198530129,
        "TC5": 0.6257170718778603,
        "TC6": 0.6520031578521811,
        "TC7": 0.6288627425205854,
        "TC8": 0.7430397576359804,
        "CMC1": -0.028055421619099453,
        "CMC2": -0.021833210200758218,
        "CMC3": -0.018224864138007998,
        "CMC4": 0.03656817273352365,
        "CMC5": -0.03838114984114094,
        "CMC6": 0.05129604258435166,
        "CMC7": -0.017038307505405557,
        "CMC8": 0.049765522849372475,
        "EA1": 0.015847667832082715,
        "EA2": -0.018759571827645705,
        "EA3": -0.07834578215817539,
        "EA4": 0.04964073279192409,
        "EA5": 0.08656876194970602,
        "EA6": 0.039061319853111814,
        "EA7": -0.0028139816573016377,
        "EA8": -0.05748365520181616,
        "ALO1": 0.04159297068055373,
        "ALO2": 0.1098377489104901,
        "ALO3": -0.04157947188963669,
        "ALO4": -0.09175665854630223,
        "ALO5": 0.015416112772097954,
        "ALO6": 0.05965591626444104,
        "ALO7": -0.03568063639297693,
        "ALO8": -0.025895713162312005
      },
      "Factor4": {
        "TC1": 0.042781812354536035,
        "TC2": 0.02875136993435673,
        "TC3": -0.07782342135269867,
        "TC4": 0.029770903427475005,
        "TC5": 0.09291906032399247,
        "TC6": -0.019231592845836615,
        "TC7": -0.005813581445431362,
        "TC8": -0.039281874418783023,
        "CMC1": 0.028355968887319758,
        "CMC2": -0.01277377754288291,
        "CMC3": -0.030735154142406164,
        "CMC4": 0.036688151141586106,
        "CMC5": 0.16273746395237823,
        "CMC6": -0.13772182228316446,
        "CMC7": 0.024650615151239244,
        "CMC8": -0.07219687183834449,